document,first_name,last_name,email
1111,andres, quiroga, aquiroga@gmail.com
2222,silvia, monsalve, smonsalve@gmail.com
3333,marcos, ruiz, mruiz@gmail.com
4444,juliana, rojas, jrojas@gmail.com
5555,camila, castellanos, ccastellanos@gmail.com